{
  "feature": "width_to_height_med",
  "buckets": [
    {
      "name": "bucket_0",
      "arm_up": 24.44297462136764,
      "arm_down": 174.55270320242886,
      "torso": 5.521370579146575,
      "count": 5,
      "range": [
        0.0538011695906432,
        0.6932773109243697
      ]
    }
  ],
  "global": {
    "arm_up": 24.44297462136764,
    "arm_down": 174.55270320242886,
    "torso": 5.521370579146575
  }
}